--------------------------------------------------------
-- Archivo creado  - viernes-junio-17-2016   
--------------------------------------------------------
--------------------------------------------------------
--  DDL for Table CARRO
--------------------------------------------------------

  CREATE TABLE "SYSTEM"."CARRO" 
   (	"ID_CAR" NUMBER(10,0), 
	"NOMBRE" VARCHAR2(20 BYTE), 
	"AÑO" NUMBER(10,0), 
	"TIPO" VARCHAR2(14 BYTE), 
	"VERSION" VARCHAR2(10 BYTE), 
	"COLOR" VARCHAR2(10 BYTE), 
	"MODELO" VARCHAR2(10 BYTE), 
	"ID_MAR" NUMBER(*,0), 
	"ID_DIS" NUMBER(*,0)
   ) PCTFREE 10 PCTUSED 40 INITRANS 1 MAXTRANS 255 NOCOMPRESS LOGGING
  STORAGE(INITIAL 65536 NEXT 1048576 MINEXTENTS 1 MAXEXTENTS 2147483645
  PCTINCREASE 0 FREELISTS 1 FREELIST GROUPS 1 BUFFER_POOL DEFAULT FLASH_CACHE DEFAULT CELL_FLASH_CACHE DEFAULT)
  TABLESPACE "SYSTEM" ;
--------------------------------------------------------
--  DDL for Table MARCA
--------------------------------------------------------

  CREATE TABLE "SYSTEM"."MARCA" 
   (	"ID_MAR" NUMBER(*,0), 
	"NOMBRE" VARCHAR2(15 BYTE), 
	"CATEGORIA" VARCHAR2(15 BYTE)
   ) PCTFREE 10 PCTUSED 40 INITRANS 1 MAXTRANS 255 NOCOMPRESS LOGGING
  STORAGE(INITIAL 65536 NEXT 1048576 MINEXTENTS 1 MAXEXTENTS 2147483645
  PCTINCREASE 0 FREELISTS 1 FREELIST GROUPS 1 BUFFER_POOL DEFAULT FLASH_CACHE DEFAULT CELL_FLASH_CACHE DEFAULT)
  TABLESPACE "SYSTEM" ;
--------------------------------------------------------
--  DDL for Table STOCK
--------------------------------------------------------

  CREATE TABLE "SYSTEM"."STOCK" 
   (	"ID_CAR" NUMBER(*,0), 
	"CANTIDAD" NUMBER(*,0), 
	"ID_DIS" NUMBER(*,0), 
	"ID_MAR" NUMBER(*,0)
   ) PCTFREE 10 PCTUSED 40 INITRANS 1 MAXTRANS 255 NOCOMPRESS LOGGING
  STORAGE(INITIAL 65536 NEXT 1048576 MINEXTENTS 1 MAXEXTENTS 2147483645
  PCTINCREASE 0 FREELISTS 1 FREELIST GROUPS 1 BUFFER_POOL DEFAULT FLASH_CACHE DEFAULT CELL_FLASH_CACHE DEFAULT)
  TABLESPACE "SYSTEM" ;
--------------------------------------------------------
--  DDL for Table DISTRIBUIDOR
--------------------------------------------------------

  CREATE TABLE "SYSTEM"."DISTRIBUIDOR" 
   (	"UBICACION" VARCHAR2(30 BYTE), 
	"NOMBRE" VARCHAR2(20 BYTE), 
	"ID_DIS" NUMBER(*,0)
   ) PCTFREE 10 PCTUSED 40 INITRANS 1 MAXTRANS 255 NOCOMPRESS LOGGING
  STORAGE(INITIAL 65536 NEXT 1048576 MINEXTENTS 1 MAXEXTENTS 2147483645
  PCTINCREASE 0 FREELISTS 1 FREELIST GROUPS 1 BUFFER_POOL DEFAULT FLASH_CACHE DEFAULT CELL_FLASH_CACHE DEFAULT)
  TABLESPACE "SYSTEM" ;
REM INSERTING into SYSTEM.CARRO
SET DEFINE OFF;
Insert into SYSTEM.CARRO (ID_CAR,NOMBRE,"AÑO",TIPO,VERSION,COLOR,MODELO,ID_MAR,ID_DIS) values (123,'SEAT Sport',1975,'turistico','Sport','verde','1430 Sport',489,987);
Insert into SYSTEM.CARRO (ID_CAR,NOMBRE,"AÑO",TIPO,VERSION,COLOR,MODELO,ID_MAR,ID_DIS) values (753,'Chevrolet Isuzu',1989,'turistico','Isuzu','gris','Passport',487,486);
Insert into SYSTEM.CARRO (ID_CAR,NOMBRE,"AÑO",TIPO,VERSION,COLOR,MODELO,ID_MAR,ID_DIS) values (962,'Fiat Coupé',1992,'deportivo','Coupé','negro','20V Turbo',102,1574);
Insert into SYSTEM.CARRO (ID_CAR,NOMBRE,"AÑO",TIPO,VERSION,COLOR,MODELO,ID_MAR,ID_DIS) values (963,'Fiat Coupé',1993,'deportivo','Coupé','azul','20V Turbo',102,987);
Insert into SYSTEM.CARRO (ID_CAR,NOMBRE,"AÑO",TIPO,VERSION,COLOR,MODELO,ID_MAR,ID_DIS) values (234,'Nissan 280 ZX',1978,'deportivo','datsun','rojo','280 ZX',258,654);
Insert into SYSTEM.CARRO (ID_CAR,NOMBRE,"AÑO",TIPO,VERSION,COLOR,MODELO,ID_MAR,ID_DIS) values (754,'Chevrolet Isuzu',1988,'turistico','Isuzu','violeta','Passport',487,486);
Insert into SYSTEM.CARRO (ID_CAR,NOMBRE,"AÑO",TIPO,VERSION,COLOR,MODELO,ID_MAR,ID_DIS) values (964,'Fiat Coupé',1989,'deportivo','Coupé','cafe','Austero',102,103);
Insert into SYSTEM.CARRO (ID_CAR,NOMBRE,"AÑO",TIPO,VERSION,COLOR,MODELO,ID_MAR,ID_DIS) values (961,'Fiat Coupé',1991,'deportivo','Coupé','rosa','Austero',102,486);
Insert into SYSTEM.CARRO (ID_CAR,NOMBRE,"AÑO",TIPO,VERSION,COLOR,MODELO,ID_MAR,ID_DIS) values (960,'Ford Galaxie',1974,'turistico','Galaxie','cafe','500',104,103);
REM INSERTING into SYSTEM.MARCA
SET DEFINE OFF;
Insert into SYSTEM.MARCA (ID_MAR,NOMBRE,CATEGORIA) values (489,'Seat','Sport');
Insert into SYSTEM.MARCA (ID_MAR,NOMBRE,CATEGORIA) values (487,'Chevrolet','Isuzu');
Insert into SYSTEM.MARCA (ID_MAR,NOMBRE,CATEGORIA) values (258,'Nissan','280 ZX');
Insert into SYSTEM.MARCA (ID_MAR,NOMBRE,CATEGORIA) values (102,'Fiat','Coupé');
Insert into SYSTEM.MARCA (ID_MAR,NOMBRE,CATEGORIA) values (104,'Ford','Galaxie');
REM INSERTING into SYSTEM.STOCK
SET DEFINE OFF;
Insert into SYSTEM.STOCK (ID_CAR,CANTIDAD,ID_DIS,ID_MAR) values (123,2,987,489);
Insert into SYSTEM.STOCK (ID_CAR,CANTIDAD,ID_DIS,ID_MAR) values (234,11,654,258);
Insert into SYSTEM.STOCK (ID_CAR,CANTIDAD,ID_DIS,ID_MAR) values (753,14,486,487);
Insert into SYSTEM.STOCK (ID_CAR,CANTIDAD,ID_DIS,ID_MAR) values (754,6,486,487);
Insert into SYSTEM.STOCK (ID_CAR,CANTIDAD,ID_DIS,ID_MAR) values (960,5,103,104);
Insert into SYSTEM.STOCK (ID_CAR,CANTIDAD,ID_DIS,ID_MAR) values (961,7,486,102);
Insert into SYSTEM.STOCK (ID_CAR,CANTIDAD,ID_DIS,ID_MAR) values (962,5,1574,102);
Insert into SYSTEM.STOCK (ID_CAR,CANTIDAD,ID_DIS,ID_MAR) values (963,10,987,102);
Insert into SYSTEM.STOCK (ID_CAR,CANTIDAD,ID_DIS,ID_MAR) values (964,8,103,102);
REM INSERTING into SYSTEM.DISTRIBUIDOR
SET DEFINE OFF;
Insert into SYSTEM.DISTRIBUIDOR (UBICACION,NOMBRE,ID_DIS) values ('Guanajuato, San Miguel Allende','CarFast',149);
Insert into SYSTEM.DISTRIBUIDOR (UBICACION,NOMBRE,ID_DIS) values ('Yucatan, Medira','MotorSpeed',103);
Insert into SYSTEM.DISTRIBUIDOR (UBICACION,NOMBRE,ID_DIS) values ('Queretaro, Queretaro','Motorsort',987);
Insert into SYSTEM.DISTRIBUIDOR (UBICACION,NOMBRE,ID_DIS) values ('Queretaro, Juriquilla','Automotors',486);
Insert into SYSTEM.DISTRIBUIDOR (UBICACION,NOMBRE,ID_DIS) values ('Queretaro, San Juan del Rio','Automators',1574);
--------------------------------------------------------
--  DDL for Index CARRO_PK
--------------------------------------------------------

  CREATE UNIQUE INDEX "SYSTEM"."CARRO_PK" ON "SYSTEM"."CARRO" ("ID_CAR", "ID_MAR") 
  PCTFREE 10 INITRANS 2 MAXTRANS 255 COMPUTE STATISTICS 
  STORAGE(INITIAL 65536 NEXT 1048576 MINEXTENTS 1 MAXEXTENTS 2147483645
  PCTINCREASE 0 FREELISTS 1 FREELIST GROUPS 1 BUFFER_POOL DEFAULT FLASH_CACHE DEFAULT CELL_FLASH_CACHE DEFAULT)
  TABLESPACE "SYSTEM" ;
--------------------------------------------------------
--  DDL for Index CARRO_PK1
--------------------------------------------------------

  CREATE UNIQUE INDEX "SYSTEM"."CARRO_PK1" ON "SYSTEM"."CARRO" ("ID_CAR", "ID_MAR", "ID_DIS") 
  PCTFREE 10 INITRANS 2 MAXTRANS 255 COMPUTE STATISTICS 
  STORAGE(INITIAL 65536 NEXT 1048576 MINEXTENTS 1 MAXEXTENTS 2147483645
  PCTINCREASE 0 FREELISTS 1 FREELIST GROUPS 1 BUFFER_POOL DEFAULT FLASH_CACHE DEFAULT CELL_FLASH_CACHE DEFAULT)
  TABLESPACE "SYSTEM" ;
--------------------------------------------------------
--  DDL for Index MARCA_PK
--------------------------------------------------------

  CREATE UNIQUE INDEX "SYSTEM"."MARCA_PK" ON "SYSTEM"."MARCA" ("ID_MAR") 
  PCTFREE 10 INITRANS 2 MAXTRANS 255 COMPUTE STATISTICS 
  STORAGE(INITIAL 65536 NEXT 1048576 MINEXTENTS 1 MAXEXTENTS 2147483645
  PCTINCREASE 0 FREELISTS 1 FREELIST GROUPS 1 BUFFER_POOL DEFAULT FLASH_CACHE DEFAULT CELL_FLASH_CACHE DEFAULT)
  TABLESPACE "SYSTEM" ;
--------------------------------------------------------
--  DDL for Index STOCK_PK
--------------------------------------------------------

  CREATE UNIQUE INDEX "SYSTEM"."STOCK_PK" ON "SYSTEM"."STOCK" ("ID_CAR", "ID_DIS", "ID_MAR", "CANTIDAD") 
  PCTFREE 10 INITRANS 2 MAXTRANS 255 COMPUTE STATISTICS 
  STORAGE(INITIAL 65536 NEXT 1048576 MINEXTENTS 1 MAXEXTENTS 2147483645
  PCTINCREASE 0 FREELISTS 1 FREELIST GROUPS 1 BUFFER_POOL DEFAULT FLASH_CACHE DEFAULT CELL_FLASH_CACHE DEFAULT)
  TABLESPACE "SYSTEM" ;
--------------------------------------------------------
--  DDL for Index DISTRIBUIDOR_PK2
--------------------------------------------------------

  CREATE UNIQUE INDEX "SYSTEM"."DISTRIBUIDOR_PK2" ON "SYSTEM"."DISTRIBUIDOR" ("ID_DIS") 
  PCTFREE 10 INITRANS 2 MAXTRANS 255 COMPUTE STATISTICS 
  STORAGE(INITIAL 65536 NEXT 1048576 MINEXTENTS 1 MAXEXTENTS 2147483645
  PCTINCREASE 0 FREELISTS 1 FREELIST GROUPS 1 BUFFER_POOL DEFAULT FLASH_CACHE DEFAULT CELL_FLASH_CACHE DEFAULT)
  TABLESPACE "SYSTEM" ;
--------------------------------------------------------
--  Constraints for Table CARRO
--------------------------------------------------------

  ALTER TABLE "SYSTEM"."CARRO" ADD CONSTRAINT "CARRO_PK" PRIMARY KEY ("ID_CAR", "ID_MAR", "ID_DIS")
  USING INDEX PCTFREE 10 INITRANS 2 MAXTRANS 255 COMPUTE STATISTICS 
  STORAGE(INITIAL 65536 NEXT 1048576 MINEXTENTS 1 MAXEXTENTS 2147483645
  PCTINCREASE 0 FREELISTS 1 FREELIST GROUPS 1 BUFFER_POOL DEFAULT FLASH_CACHE DEFAULT CELL_FLASH_CACHE DEFAULT)
  TABLESPACE "SYSTEM"  ENABLE;
  ALTER TABLE "SYSTEM"."CARRO" MODIFY ("ID_CAR" NOT NULL ENABLE);
  ALTER TABLE "SYSTEM"."CARRO" MODIFY ("NOMBRE" NOT NULL ENABLE);
  ALTER TABLE "SYSTEM"."CARRO" MODIFY ("AÑO" NOT NULL ENABLE);
  ALTER TABLE "SYSTEM"."CARRO" MODIFY ("MODELO" NOT NULL ENABLE);
  ALTER TABLE "SYSTEM"."CARRO" MODIFY ("TIPO" NOT NULL ENABLE);
  ALTER TABLE "SYSTEM"."CARRO" MODIFY ("VERSION" NOT NULL ENABLE);
  ALTER TABLE "SYSTEM"."CARRO" MODIFY ("ID_MAR" NOT NULL ENABLE);
  ALTER TABLE "SYSTEM"."CARRO" MODIFY ("COLOR" NOT NULL ENABLE);
--------------------------------------------------------
--  Constraints for Table MARCA
--------------------------------------------------------

  ALTER TABLE "SYSTEM"."MARCA" MODIFY ("ID_MAR" NOT NULL ENABLE);
  ALTER TABLE "SYSTEM"."MARCA" MODIFY ("NOMBRE" NOT NULL ENABLE);
  ALTER TABLE "SYSTEM"."MARCA" MODIFY ("CATEGORIA" NOT NULL ENABLE);
  ALTER TABLE "SYSTEM"."MARCA" ADD CONSTRAINT "MARCA_PK" PRIMARY KEY ("ID_MAR")
  USING INDEX PCTFREE 10 INITRANS 2 MAXTRANS 255 COMPUTE STATISTICS 
  STORAGE(INITIAL 65536 NEXT 1048576 MINEXTENTS 1 MAXEXTENTS 2147483645
  PCTINCREASE 0 FREELISTS 1 FREELIST GROUPS 1 BUFFER_POOL DEFAULT FLASH_CACHE DEFAULT CELL_FLASH_CACHE DEFAULT)
  TABLESPACE "SYSTEM"  ENABLE;
--------------------------------------------------------
--  Constraints for Table STOCK
--------------------------------------------------------

  ALTER TABLE "SYSTEM"."STOCK" MODIFY ("ID_CAR" NOT NULL ENABLE);
  ALTER TABLE "SYSTEM"."STOCK" MODIFY ("CANTIDAD" NOT NULL ENABLE);
  ALTER TABLE "SYSTEM"."STOCK" MODIFY ("ID_DIS" NOT NULL ENABLE);
  ALTER TABLE "SYSTEM"."STOCK" MODIFY ("ID_MAR" NOT NULL ENABLE);
  ALTER TABLE "SYSTEM"."STOCK" ADD CONSTRAINT "STOCK_PK" PRIMARY KEY ("ID_CAR", "ID_DIS", "ID_MAR", "CANTIDAD")
  USING INDEX PCTFREE 10 INITRANS 2 MAXTRANS 255 COMPUTE STATISTICS 
  STORAGE(INITIAL 65536 NEXT 1048576 MINEXTENTS 1 MAXEXTENTS 2147483645
  PCTINCREASE 0 FREELISTS 1 FREELIST GROUPS 1 BUFFER_POOL DEFAULT FLASH_CACHE DEFAULT CELL_FLASH_CACHE DEFAULT)
  TABLESPACE "SYSTEM"  ENABLE;
--------------------------------------------------------
--  Constraints for Table DISTRIBUIDOR
--------------------------------------------------------

  ALTER TABLE "SYSTEM"."DISTRIBUIDOR" MODIFY ("UBICACION" NOT NULL ENABLE);
  ALTER TABLE "SYSTEM"."DISTRIBUIDOR" MODIFY ("NOMBRE" NOT NULL ENABLE);
  ALTER TABLE "SYSTEM"."DISTRIBUIDOR" ADD CONSTRAINT "DISTRIBUIDOR_PK" PRIMARY KEY ("ID_DIS")
  USING INDEX PCTFREE 10 INITRANS 2 MAXTRANS 255 COMPUTE STATISTICS 
  STORAGE(INITIAL 65536 NEXT 1048576 MINEXTENTS 1 MAXEXTENTS 2147483645
  PCTINCREASE 0 FREELISTS 1 FREELIST GROUPS 1 BUFFER_POOL DEFAULT FLASH_CACHE DEFAULT CELL_FLASH_CACHE DEFAULT)
  TABLESPACE "SYSTEM"  ENABLE;
